Date,Note,Category,Amount
2020-09-26,---_47,---,94.61
2019-11-08,General_18,General,-0.40
2020-02-18,General_32,General,-0.40
2020-07-21,---_43,---,91.54
2022-10-16,---_31,---,41.97
2018-12-30,General_46,General,-22.00
2019-02-05,General_2,General,-12.16
2019-10-10,General_31,General,-0.40
2018-11-21,General_40,General,-4.00
2020-01-27,General_28,General,-1.35
2022-08-12,---_48,---,127.68
2019-05-02,General_37,General,-5.00
2022-11-14,Restaurant_7,Restaurant,-55.28
2019-03-13,---_45,---,-1.26
2022-01-09,---_24,---,138.98
2018-11-21,General_34,General,-2.00
2020-06-05,General_24,General,-16.00
2021-05-16,Groceries_13,Groceries,-16.50
2022-05-27,Books_1,Books,-13.73
2019-02-12,General_38,General,-12.16
2019-11-27,General_30,General,-1.19
2018-12-29,General_37,General,-9.00
2019-08-25,General_30,General,-8.50
2019-07-03,General_30,General,-32.00
2019-06-21,General_9,General,-2.43
2018-12-29,General_21,General,-31.00
2019-08-12,General_23,General,-1.35
2019-04-28,General_49,General,-12.00
2022-05-03,---_43,---,153.66
2019-11-27,General_2,General,-1.98
2020-03-01,General_44,General,-5.40
2021-09-03,---_41,---,148.72
2022-02-24,General_45,General,-19.99
2020-03-14,General_27,General,-0.40
2019-02-03,---_40,---,-1.39
2021-04-03,For others - food_13,For others - food,-33.50
2019-05-15,---_34,---,-1.26
2020-07-24,---_50,---,91.54
2020-01-28,General_19,General,-1.19
2019-02-16,General_17,General,-12.16
2019-09-01,General_20,General,-25.50
2019-10-23,---_19,---,92.94
2018-11-26,---_26,---,-1.30
2019-11-01,General_15,General,-12.60
2021-12-12,Restaurant_2,Restaurant,-9.00
2020-05-10,General_5,General,-12.99
2020-01-18,General_6,General,-13.00
2021-04-24,---_49,---,203.26
2019-09-25,---_3,---,96.03
2022-08-04,Coffee_17,Coffee,-3.41
2022-04-17,---_48,---,155.12
2019-07-28,General_49,General,-2.43
2022-04-08,Mental/physical health services_46,Mental/physical health services,-95.85
2022-07-30,Groceries_42,Groceries,-49.41
2019-10-11,General_30,General,-1.29
2020-04-24,---_1,---,94.98
2021-12-05,---_24,---,147.02
2021-07-26,---_31,---,148.54
2022-07-08,Alcohol_34,Alcohol,-12.84
2020-10-10,---_39,---,90.47
2020-03-09,---_22,---,91.91
2019-12-09,General_15,General,-1.35
2019-11-27,General_18,General,-3.25
2022-10-14,---_49,---,41.97
2019-05-05,Extra Income_30,Extra Income,72.50
2022-07-27,---_48,---,127.60
2022-05-27,Haircare/cosmetic_40,Haircare/cosmetic,-52.92
2019-10-10,General_31,General,-1.29
2022-04-30,Groceries_35,Groceries,-41.41
2019-06-08,---_34,---,-1.30
2019-08-05,General_10,General,-2.30
2019-08-28,General_18,General,-3.26
2019-11-02,---_43,---,96.03
2021-09-24,Haircare/cosmetic_28,Haircare/cosmetic,-41.50
2021-07-13,---_32,---,148.54
2019-10-30,General_7,General,-3.25
2019-09-25,General_21,General,-3.25
2021-12-11,Clothing_43,Clothing,-168.50
2022-05-05,---_5,---,153.66
2021-11-28,For others - food_28,For others - food,-123.50
2020-09-15,General_26,General,-58.50
2019-09-07,General_42,General,-3.25
2018-08-19,General_33,General,-20.00
2021-08-17,---_46,---,148.54
2019-06-13,General_32,General,-2.43
2019-02-07,---_30,---,-1.39
2019-07-10,---_22,---,36.16
2020-06-26,---_41,---,85.81
2022-09-26,Accommodations_5,Accommodations,-152.55
2019-05-08,General_34,General,-2.43
2019-12-08,General_21,General,-0.30
2019-05-07,General_46,General,-2.43
2019-12-02,General_46,General,-0.40
2020-01-19,General_26,General,-19.61
2021-10-04,---_6,---,146.98
2022-06-11,For others - food_25,For others - food,-13.80
2020-11-04,General_1,General,-28.84
2021-05-10,---_30,---,180.27
2019-12-20,General_2,General,-1.13
2019-06-10,General_32,General,-15.00
2021-04-17,Groceries_4,Groceries,-48.50
2019-06-13,---_25,---,-1.30
2019-09-27,General_39,General,-2.35
2022-09-24,---_16,---,68.43
2022-08-18,---_10,---,127.68
2020-02-13,General_36,General,-35.50
2022-10-05,Coffee_25,Coffee,-7.62
2018-08-02,General_28,General,-95.00
2020-05-11,---_23,---,75.14
2020-04-17,General_14,General,-23.75
2021-01-17,---_30,---,90.27
2020-12-17,For others - food_16,For others - food,-16.50
2019-03-07,---_29,---,-1.26
2019-11-03,---_20,---,96.03
2019-08-03,General_14,General,-3.26
2021-08-15,Mental/physical health services_12,Mental/physical health services,-92.72
2019-01-22,---_22,---,-1.26
2020-02-17,General_12,General,-17.50
2020-06-19,General_42,General,-15.50
2019-01-07,General_29,General,-21.00
2020-10-13,---_24,---,90.47
2019-08-26,General_27,General,-53.00
2021-04-10,Groceries_15,Groceries,-125.00
2022-02-18,Alcohol_24,Alcohol,-42.46
2020-01-02,General_8,General,-1.74
2020-02-07,General_30,General,-15.65
2019-01-02,---_31,---,-1.26
2020-11-18,For others - gift_40,For others - gift,-33.60
2021-01-29,Treat Yourself_4,Treat Yourself,-17.38
2020-02-06,---_5,---,98.29
2019-08-15,General_49,General,-2.69
2019-09-04,General_8,General,-26.50
2022-08-19,Alcohol_46,Alcohol,-73.93
2021-10-31,Film photography and development_15,Film photography and development,-103.71
2020-01-11,General_34,General,-1.19
2019-10-29,General_20,General,-0.40
2019-10-04,General_37,General,-1.35
2019-12-11,General_39,General,-2.15
2019-01-26,General_18,General,-150.00
2021-02-13,Clothing_19,Clothing,-97.50
2019-04-08,General_30,General,-12.16
2019-06-09,---_21,---,-1.30
2019-08-21,General_13,General,-2.69
2019-08-13,General_35,General,-6.29
2022-02-08,---_46,---,158.35
2019-08-30,General_11,General,-2.69
2019-11-26,General_1,General,-0.30
2020-12-30,Film photography and development_47,Film photography and development,-46.50
2022-07-19,Treat Yourself_9,Treat Yourself,-7.35
2020-04-14,---_23,---,94.98
2019-10-21,General_2,General,-6.14
2019-10-22,General_18,General,-3.25
2020-07-22,Extra Income_25,Extra Income,385.36
2022-10-01,For others - food_50,For others - food,-43.60
2021-07-05,---_6,---,148.54
2019-12-24,General_28,General,-3.25
2019-08-08,General_5,General,-2.69
2019-03-29,---_9,---,-1.26
2022-04-05,---_4,---,155.12
2018-11-19,---_1,---,-1.30
2022-09-22,---_26,---,68.43
2022-09-18,---_22,---,68.43
2018-10-19,---_33,---,-1.26
2019-08-17,General_23,General,-1.18
2019-05-10,General_49,General,-2.43
2022-08-31,---_22,---,127.68
2020-08-24,General_50,General,-24.50
2020-05-29,General_5,General,-94.50
2022-11-05,---_27,---,43.20
2022-04-15,---_38,---,155.12
2020-08-06,Extra Income_10,Extra Income,"2,500.00"
2019-10-20,General_45,General,-60.67
2020-04-05,General_29,General,-0.40
2019-03-12,General_23,General,-2.60
2019-10-02,General_37,General,-3.25
2020-11-14,Restaurant_13,Restaurant,-19.50
2019-11-30,General_40,General,-0.40
2020-06-11,---_45,---,85.81
2022-07-12,Extra Income_5,Extra Income,100.00
2021-12-21,---_29,---,147.02
2019-07-26,General_22,General,-2.43
2019-11-26,General_38,General,-1.19
2021-02-14,Household_36,Household,-5.55
2021-06-20,---_4,---,149.92
2019-10-06,General_34,General,-3.25
2020-12-20,---_6,---,90.47
2020-01-28,---_40,---,92.94
2021-12-16,Film photography and development_30,Film photography and development,-63.58
2022-04-28,---_0,---,155.12
2022-11-08,Treat Yourself_39,Treat Yourself,-18.52
2022-11-20,Books_33,Books,-20.25
2020-03-25,General_9,General,-16.87
2019-11-09,General_23,General,-3.25
2019-10-23,General_12,General,-1.18
2020-09-27,---_20,---,94.61
2018-11-08,General_37,General,-2.40
2020-02-29,General_27,General,-14.50
2018-12-30,General_19,General,-3.25
2022-08-18,Coffee_30,Coffee,-5.46
2019-01-09,---_21,---,-1.26
2022-04-16,Restaurant_30,Restaurant,-52.45
2022-04-10,---_4,---,155.12
2019-08-27,General_50,General,-1.35
2019-08-27,General_45,General,-1.18
2019-03-04,General_2,General,-12.16
2019-12-04,General_45,General,-0.30
2019-08-29,General_46,General,-2.15
2022-08-01,Restaurant_5,Restaurant,-20.17
2022-03-14,---_9,---,153.66
2021-12-26,---_28,---,147.02
2020-03-22,General_46,General,-23.72
2021-06-16,---_45,---,149.92
2022-10-04,---_42,---,41.97
2021-07-27,---_7,---,148.54
2021-12-15,---_32,---,147.02
2019-09-26,General_46,General,-0.40
2018-12-08,---_40,---,-1.26
2021-06-11,Mental/physical health services_14,Mental/physical health services,-150.00
2019-12-10,---_38,---,92.94
2022-04-27,For others - food_44,For others - food,-44.68
2018-11-25,General_23,General,-20.00
2020-01-21,General_6,General,-2.17
2022-04-08,---_36,---,155.12
2021-10-05,---_21,---,146.98
2020-05-24,General_17,General,-25.00
2019-09-01,---_20,---,96.03
2019-12-15,General_30,General,-2.71
2019-08-28,General_44,General,-1.35
2019-10-22,General_0,General,-1.10
2019-08-25,General_28,General,-2.69
2020-12-25,Extra Income_0,Extra Income,150.00
2021-01-07,---_40,---,90.27
2021-11-05,Groceries_47,Groceries,-33.90
2022-09-08,Treat Yourself_0,Treat Yourself,-7.35
2020-10-27,---_45,---,90.47
2019-10-12,General_42,General,-1.10
2019-08-10,General_21,General,-1.35
2022-06-05,For others - food_30,For others - food,-71.80
2018-08-18,General_22,General,-25.00
2020-12-04,General_14,General,-45.00
2020-11-18,Charity_40,Charity,-20.00
2019-02-17,General_42,General,-25.00
2019-07-23,General_43,General,-2.43
2020-01-05,General_33,General,-0.40
2019-10-14,General_15,General,-1.35
2019-08-17,General_50,General,-3.26
2020-10-14,General_50,General,-40.00
2021-05-01,Groceries_49,Groceries,-28.50
2021-09-19,Clothing_0,Clothing,-222.00
2022-05-22,Groceries_45,Groceries,-25.11
2019-08-31,General_3,General,-1.35
2019-09-24,General_33,General,-1.18
2022-03-20,Fuel_44,Fuel,-67.96
2019-12-25,General_43,General,-0.30
2021-07-29,---_13,---,148.54
2020-09-28,General_23,General,-2.79
2022-01-04,---_37,---,138.98
2018-10-07,---_11,---,-1.26
2018-11-04,---_5,---,-1.30
2020-01-19,---_17,---,92.94
2019-11-12,General_14,General,-0.40
2021-12-16,Haircare/cosmetic_9,Haircare/cosmetic,-45.00
2019-10-15,General_15,General,-1.10
2019-04-07,---_38,---,-1.30
2020-10-31,General_14,General,-24.50
2020-01-01,---_11,---,92.94
2019-08-29,General_24,General,-3.25
2021-01-28,Household_38,Household,-57.72
2020-09-01,---_16,---,94.61
2020-02-08,General_47,General,-12.00
2019-11-15,General_40,General,-1.98
2020-10-24,General_23,General,-23.50
2020-10-20,---_12,---,90.47
2019-09-26,General_40,General,-3.25
2022-08-09,Groceries_42,Groceries,-40.72
2020-03-29,General_35,General,-0.40
2022-11-10,For others - food_25,For others - food,-13.12
2021-01-19,---_4,---,90.27
2022-09-28,Entertainment_15,Entertainment,-84.00
2021-04-19,---_5,---,203.26
2019-02-24,General_4,General,-12.16
2020-07-31,General_1,General,-54.39
2022-07-15,Alcohol_10,Alcohol,-27.26
2019-05-25,General_0,General,-13.00
2019-12-03,General_7,General,-1.13
2022-07-19,Groceries_10,Groceries,-100.80
2022-06-04,Alcohol_19,Alcohol,-11.88
2019-08-14,General_39,General,-3.26
2019-11-04,General_46,General,-3.25
2019-11-11,General_19,General,-1.35
2020-05-04,---_0,---,75.14
2021-10-02,Groceries_11,Groceries,-17.55
2020-02-16,General_50,General,-0.40
2021-12-03,---_36,---,147.02
2019-10-03,General_12,General,-3.10
2019-10-20,General_12,General,-0.40
2019-01-26,Extra Income_15,Extra Income,25.00
2020-10-23,General_29,General,-38.50
2020-09-06,General_3,General,-6.11
2019-11-10,General_12,General,-1.98
2020-02-08,General_25,General,-0.40
2021-02-20,For others - food_2,For others - food,-42.07
2022-07-31,---_6,---,127.60
2019-12-06,General_21,General,-0.40
2020-01-11,General_26,General,-24.00
2019-03-24,---_47,---,-1.26
2021-06-15,---_33,---,149.92
2022-02-06,---_21,---,158.35
2022-09-08,---_47,---,68.43
2020-12-13,---_32,---,90.47
2022-10-07,---_22,---,41.97
2020-02-14,General_1,General,-0.40
2019-11-09,General_11,General,-1.98
2021-12-10,For others - gift_21,For others - gift,-31.50
2020-07-01,---_16,---,91.54
2020-01-10,General_45,General,-0.40
2022-03-04,For others - food_28,For others - food,-43.92
2019-11-12,General_11,General,-0.30
2021-02-07,---_29,---,100.12
2022-06-16,Restaurant_35,Restaurant,-6.51
2022-08-19,---_8,---,127.68
2018-08-08,General_40,General,-12.53
2019-12-27,General_37,General,-3.25
2020-02-04,General_21,General,-2.40
2022-02-21,---_49,---,158.35
2019-03-13,General_10,General,-12.16
2022-10-02,Extra Income_46,Extra Income,200.00
2019-06-18,General_31,General,-4.00
2020-12-03,Coffee_22,Coffee,-4.55
2022-08-21,Treat Yourself_11,Treat Yourself,-5.44
2019-06-09,General_4,General,-30.70
2021-02-25,---_43,---,100.12
2022-11-11,Extra Income_15,Extra Income,200.00
2019-08-04,General_12,General,-2.69
2022-04-09,Fuel_2,Fuel,-54.98
2019-06-16,General_15,General,-2.43
2022-06-18,Clothing_19,Clothing,-45.43
2020-01-04,---_28,---,92.94
2022-07-17,Restaurant_0,Restaurant,-31.26
2021-08-01,Alcohol_25,Alcohol,-63.75
2020-05-01,General_42,General,-22.19
2019-08-30,General_34,General,-7.48
2021-05-31,Household_11,Household,-119.86
2021-06-26,For others - food_47,For others - food,-15.06
2022-06-14,For others - food_23,For others - food,-100.62
2018-07-27,General_2,General,-3.53
2020-08-02,---_32,---,91.54
2019-12-22,---_13,---,92.94
2019-12-12,General_4,General,-3.25
2019-09-27,General_0,General,-1.18
2019-10-13,General_43,General,-0.40
2020-02-29,General_24,General,-4.00
2020-05-14,---_12,---,75.14
2021-05-11,---_25,---,180.27
2019-12-12,General_18,General,-2.17
2018-08-15,General_18,General,-8.88
2020-02-04,General_2,General,-3.10
2019-10-08,---_45,---,92.94
2021-09-02,Treat Yourself_10,Treat Yourself,-20.00
2018-10-31,---_47,---,-1.26
2019-06-04,General_0,General,-2.43
2019-02-09,---_36,---,-1.39
2022-05-07,For others - food_25,For others - food,-39.57
2020-11-29,---_12,---,93.53
2019-12-02,General_21,General,-2.00
2022-09-14,Alcohol_47,Alcohol,-10.34
2022-06-15,---_43,---,155.12
2022-08-30,For others - food_48,For others - food,-10.50
2018-09-15,---_50,---,-1.30
2019-08-20,General_40,General,-2.69
2021-03-31,---_44,---,90.27
2018-08-16,---_6,---,-1.26
2021-09-14,---_42,---,148.72
2019-05-19,General_7,General,-1.61
2019-08-31,---_6,---,33.06
2019-12-10,General_38,General,-0.30
2022-10-09,---_37,---,41.97
2019-11-01,General_43,General,-1.18
2021-08-06,---_34,---,148.54
2021-01-17,Coffee_18,Coffee,-5.60
2021-05-13,---_4,---,180.27
2020-08-19,General_49,General,-22.26
2019-02-13,---_36,---,-1.39
2021-09-07,General_34,General,-24.00
2019-03-12,General_39,General,-14.50
2021-03-02,---_24,---,90.27
2020-02-18,Extra Income_31,Extra Income,17.74
2019-06-12,General_40,General,-18.30
2022-06-12,Treat Yourself_38,Treat Yourself,-5.22
2020-02-19,General_25,General,-15.50
2018-10-11,---_30,---,-1.26
2022-11-17,Coffee_25,Coffee,-9.60
2022-02-18,---_35,---,158.35
2019-12-01,---_0,---,92.94
2022-11-16,Alcohol_9,Alcohol,-64.65
2022-07-30,Clothing_3,Clothing,-26.88
2020-12-26,Books_23,Books,-82.35
2019-05-31,General_47,General,-1.61
2020-09-07,General_5,General,-76.99
2021-06-05,Mental/physical health services_35,Mental/physical health services,-150.00
2020-01-18,General_41,General,-21.00
2021-11-14,---_14,---,148.01
2020-02-14,General_48,General,-125.50
2022-10-27,---_11,---,41.97
2022-06-16,Restaurant_4,Restaurant,-19.83
2021-08-08,Restaurant_9,Restaurant,-11.43
2019-10-15,General_47,General,-1.35
2018-07-27,General_41,General,-16.57
2019-08-21,---_4,---,33.06
2019-11-02,General_38,General,-1.98
2019-10-12,General_37,General,-0.30
2019-08-02,General_30,General,-1.35
2019-12-03,General_10,General,-1.35
2019-12-20,General_28,General,-1.18
2019-02-25,General_41,General,-12.16
2022-08-04,---_3,---,127.68
2020-09-11,---_20,---,94.61
2021-01-06,---_25,---,90.27
2019-01-01,---_48,---,-1.26
2020-01-18,General_20,General,-0.40
2022-02-10,---_29,---,158.35
2020-01-03,General_7,General,-0.40
2022-09-20,Film photography and development_22,Film photography and development,-21.12
2019-05-22,General_35,General,-2.43
2021-12-30,Alcohol_9,Alcohol,-81.84
2021-03-14,---_16,---,90.27
2020-10-05,---_32,---,90.47
2019-08-22,General_47,General,-6.29
2021-10-31,---_8,---,146.98
2018-12-06,---_38,---,-1.26
2020-03-13,General_8,General,-12.50
2022-01-20,---_50,---,138.98
2019-06-28,General_16,General,-2.43
2020-02-01,General_29,General,-0.40
2021-11-12,Mental/physical health services_31,Mental/physical health services,-84.00
2022-03-08,For others - food_35,For others - food,-21.50
2020-02-28,Extra Income_12,Extra Income,7.00
2019-03-05,General_21,General,-12.16
2019-01-01,General_15,General,-24.50
2019-08-19,---_22,---,33.06
2021-07-04,Clothing_19,Clothing,-98.53
2022-06-28,---_50,---,155.12
2019-11-02,General_48,General,-3.25
2019-10-27,General_28,General,-2.31
2022-09-12,Entertainment_34,Entertainment,-50.98
2019-08-25,General_44,General,-1.35
2022-06-16,For others - food_47,For others - food,-62.09
2022-11-08,Extra Income_32,Extra Income,200.00
2019-09-19,General_14,General,-0.40
2020-09-29,---_32,---,94.61
2020-01-16,General_29,General,-3.50
2020-03-18,---_11,---,91.91
2019-09-01,General_15,General,-2.69
2022-02-27,---_37,---,158.35
2019-08-02,General_25,General,-6.29
2021-09-10,---_48,---,148.72
2019-09-25,General_32,General,-0.30
2019-11-17,General_45,General,-7.00
2021-05-28,Mental/physical health services_35,Mental/physical health services,-150.00
2022-05-26,---_40,---,153.66
2019-10-21,General_41,General,-1.29
2019-10-26,General_4,General,-1.35
2022-04-27,Coffee_9,Coffee,-7.32
2022-10-24,---_37,---,41.97
2018-08-07,General_45,General,-5.90
2021-02-01,---_27,---,100.12
2019-10-25,General_32,General,-3.25
2020-07-10,---_28,---,91.54
2021-06-25,---_37,---,149.92
2020-11-23,---_5,---,93.53
2019-01-18,General_30,General,-16.31
2019-12-08,General_24,General,-30.50
2021-03-20,General_21,General,-170.50
2022-01-07,---_14,---,138.98
2022-03-30,---_15,---,153.66
2019-07-19,General_35,General,-5.00
2021-12-12,---_50,---,147.02
2019-12-10,General_0,General,-1.35
2022-02-05,Extra Income_18,Extra Income,50.00
2021-10-20,---_40,---,146.98
2022-01-10,---_4,---,138.98
2020-03-02,General_14,General,-0.40
2019-05-09,---_35,---,-1.26
2019-12-28,General_29,General,-0.30
2021-08-10,---_30,---,148.54
2019-10-09,General_19,General,-13.20
2019-10-05,General_31,General,-1.35
2022-05-10,Coffee_49,Coffee,-3.66
2022-11-16,---_43,---,43.20
2019-12-07,General_21,General,-1.18
2021-08-06,Alcohol_48,Alcohol,-33.50
2022-09-17,For others - food_38,For others - food,-70.00
2019-01-21,---_14,---,-1.26
2019-09-25,General_26,General,-0.40
2019-05-24,General_31,General,-2.43
2019-11-24,General_22,General,-7.50
2022-09-13,For others - food_10,For others - food,-24.78
2020-12-29,General_26,General,-50.00
2021-02-17,---_4,---,100.12
2019-12-18,General_21,General,-1.13
2020-06-13,General_1,General,-33.45
2020-09-28,---_20,---,94.61
2019-10-23,General_46,General,-1.35
2020-02-11,General_21,General,-0.40
2021-11-28,Treat Yourself_48,Treat Yourself,-33.50
2021-08-01,Alcohol_25,Alcohol,-23.79
2022-07-29,Books_25,Books,-23.09
2019-11-20,General_14,General,-1.18
2020-07-30,---_47,---,91.54
2021-12-16,Groceries_13,Groceries,-14.50
2020-08-31,General_2,General,-45.00
2019-08-14,General_38,General,-4.03
2021-07-25,For others - food_21,For others - food,-14.50
2019-03-06,---_28,---,-1.26
2020-01-08,General_42,General,-1.19
2020-07-24,General_45,General,-18.17
2020-12-29,Fuel_40,Fuel,-40.00
2022-06-14,Treat Yourself_33,Treat Yourself,-6.61
2021-06-02,---_13,---,149.92
2019-11-26,General_3,General,-1.35
2022-07-26,---_29,---,127.60
2020-09-02,General_23,General,-3.00
2020-06-30,General_45,General,-6.95
2019-04-15,General_22,General,-12.16
2020-03-08,---_46,---,91.91
2019-09-17,General_44,General,-1.18
2019-11-29,General_15,General,-1.19
2019-05-21,---_29,---,-1.26
2019-07-23,General_29,General,-34.00
2019-04-29,General_24,General,-5.00
2020-02-01,General_33,General,-3.05
2022-04-03,For others - food_6,For others - food,-28.50
2021-01-05,---_38,---,90.27
2019-11-28,General_9,General,-1.35
2022-07-15,Treat Yourself_46,Treat Yourself,-11.50
2022-03-04,---_50,---,153.66
2020-06-19,General_25,General,-24.20
2019-05-03,General_9,General,-1.61
2021-10-28,Extra Income_18,Extra Income,70.00
2019-11-14,General_42,General,-1.19
2020-01-15,General_8,General,-1.19
2019-08-14,General_15,General,-2.69
2022-10-03,Mental/physical health services_1,Mental/physical health services,-32.00
2020-06-14,---_32,---,85.81
2022-05-20,For others - food_38,For others - food,-50.77
2022-06-13,Treat Yourself_40,Treat Yourself,-21.00
2020-06-08,---_18,---,85.81
2020-01-13,General_12,General,-1.74
2022-11-19,Groceries_42,Groceries,-7.33
2019-12-19,General_22,General,-3.25
2019-11-19,General_19,General,-3.50
2019-07-22,General_21,General,-2.69
2022-07-16,For others - food_30,For others - food,-36.11
2020-07-20,---_48,---,91.54
2018-08-12,---_40,---,-1.26
2019-08-18,General_39,General,-7.48
2019-12-02,General_47,General,-3.25
2019-01-30,General_32,General,-3.00
2019-05-16,General_50,General,-13.00
2020-01-18,General_15,General,-2.00
2019-11-16,General_40,General,-1.35
2018-08-04,---_30,---,-1.26
2021-08-11,---_31,---,148.54
2021-03-16,---_24,---,90.27
2020-12-16,Household_29,Household,-21.43
2019-09-22,General_22,General,-35.00
2019-11-29,General_34,General,-2.55
2019-12-19,General_37,General,-0.40
2018-09-21,---_30,---,-1.30
2020-01-30,General_38,General,-0.40
2021-11-20,Treat Yourself_25,Treat Yourself,-27.50
2022-10-11,Restaurant_14,Restaurant,-72.00
2021-08-25,---_17,---,148.54
2020-02-04,General_45,General,-0.40
2022-09-09,---_35,---,68.43
2021-07-14,---_1,---,148.54
2019-11-13,General_31,General,-1.18
2022-04-23,Groceries_26,Groceries,-35.49
2019-02-13,General_46,General,-12.16
2020-02-08,General_14,General,-35.00
2021-12-12,Restaurant_15,Restaurant,-179.50
2019-06-21,---_9,---,-1.30
2022-02-26,---_21,---,158.35
2022-02-12,---_4,---,158.35
2019-08-04,General_43,General,-7.48
2019-07-30,General_32,General,-22.00
2018-07-31,General_38,General,-20.00
2021-10-19,---_5,---,146.98
2022-08-30,Treat Yourself_32,Treat Yourself,-22.17
2021-09-12,---_37,---,148.72
2019-05-01,General_8,General,-10.50
2022-09-18,Coffee_28,Coffee,-3.68
2021-03-29,Coffee_32,Coffee,-22.32
2022-05-27,Household_39,Household,-18.00
2020-01-11,General_43,General,-1.74
2019-09-14,General_46,General,-3.25
2022-02-13,For others - food_33,For others - food,-109.50
2019-12-11,General_10,General,-36.00
2020-03-04,General_2,General,-0.40
2022-10-04,Extra Income_45,Extra Income,409.63
2019-08-26,General_26,General,-2.69
2021-09-29,---_42,---,148.72
2020-12-27,---_47,---,90.47
2020-07-14,General_40,General,-13.84
2019-11-09,General_49,General,-2.00
2022-06-01,---_17,---,155.12
2019-12-15,General_38,General,-15.00
2019-12-16,General_24,General,-0.30
2020-01-03,General_11,General,-5.65
2021-04-02,---_17,---,203.26
2019-06-29,---_21,---,-1.30
2020-10-08,General_17,General,-39.95
2019-11-18,General_9,General,-1.35
2020-10-07,General_1,General,-2.50
2019-10-07,General_36,General,-1.29
2020-08-31,General_0,General,-32.50
2019-10-04,General_25,General,-0.40
2021-10-14,Coffee_20,Coffee,-9.50
2022-11-17,Groceries_45,Groceries,-22.78
2022-09-11,Coffee_24,Coffee,-10.19
2022-11-20,---_5,---,43.20
2020-08-06,General_19,General,-47.80
2019-11-17,General_30,General,-0.30
2021-11-09,---_49,---,148.01
2019-05-10,---_4,---,-1.26
2020-01-31,General_2,General,-2.00
2021-09-29,Treat Yourself_32,Treat Yourself,-35.00
2019-08-29,General_42,General,-6.29
2019-04-28,---_39,---,-1.30
2022-01-17,Extra Income_9,Extra Income,175.35
2018-09-13,---_43,---,-1.30
2019-04-02,General_35,General,-5.00
2022-10-11,General_28,General,-671.45
2019-09-22,General_10,General,-0.30
2020-03-23,---_5,---,91.91
2020-11-06,General_25,General,-24.50
2020-07-26,General_48,General,-38.75
2019-12-01,General_3,General,-1.13
2019-08-01,General_33,General,-1.35
2020-01-26,General_50,General,-20.25
2021-03-23,---_49,---,90.27
2021-03-10,---_26,---,90.27
2022-02-01,---_11,---,158.35
2019-12-01,General_22,General,-0.40
2020-09-05,General_47,General,-38.70
2019-08-23,---_3,---,33.06
2021-11-20,---_24,---,148.01
2020-03-14,General_30,General,-88.50
2021-02-05,---_38,---,100.12
2019-09-21,General_38,General,-13.50
2021-09-05,Coffee_37,Coffee,-9.42
2022-09-24,For others - food_3,For others - food,-12.50
2021-01-14,---_21,---,90.27
2019-02-28,General_9,General,-12.16
2020-10-15,General_46,General,-15.50
2019-12-12,General_16,General,-1.35
2020-11-11,---_20,---,93.53
2018-10-22,---_1,---,-1.26
2022-02-19,Groceries_11,Groceries,-52.37
2018-12-18,---_49,---,-1.26
2022-06-13,Restaurant_17,Restaurant,-53.35
2018-09-17,---_37,---,-1.30
2022-11-16,Coffee_17,Coffee,-5.68
2019-02-20,---_23,---,-1.39
2019-11-03,General_35,General,-0.40
2020-02-20,General_8,General,-25.50
2019-01-13,---_7,---,-1.26
2021-04-08,---_40,---,203.26
2018-08-28,---_5,---,-1.26
2020-04-25,---_29,---,94.98
2020-12-31,Coffee_13,Coffee,-13.50
2019-02-18,---_12,---,-1.39
2020-11-06,General_28,General,-21.50
2019-12-29,General_31,General,-0.40
2019-07-09,General_41,General,-70.00
2019-04-03,General_41,General,-12.16
2019-10-16,General_14,General,-40.00
2018-08-06,General_18,General,-21.00
2020-01-30,General_39,General,-21.50
2019-12-13,General_33,General,-1.13
2022-08-16,For others - food_41,For others - food,-17.10
2021-12-14,Fuel_50,Fuel,-100.00
2020-02-23,General_28,General,-0.40
2021-02-25,Fuel_26,Fuel,-45.77
2019-11-04,General_47,General,-6.50
2019-11-19,General_21,General,-3.25
2019-03-19,---_24,---,-1.26
2018-10-06,General_47,General,-15.00
2020-05-26,General_43,General,-42.16
2019-12-25,General_9,General,-0.40
2019-03-31,---_31,---,-1.26
2021-07-01,For others - food_2,For others - food,-58.90
2020-08-27,General_32,General,-23.87
2019-08-25,Extra Income_21,Extra Income,150.00
2020-01-29,General_48,General,-1.74
2019-09-14,General_7,General,-55.00
2020-09-01,General_15,General,-15.50
2019-02-07,General_27,General,-14.75
2019-12-16,General_49,General,-1.35
2022-07-14,Alcohol_20,Alcohol,-63.50
2019-07-26,General_40,General,-2.69
2019-10-05,---_41,---,92.94
2020-05-01,---_40,---,75.14
2019-07-30,General_45,General,-5.00
2019-03-11,General_34,General,-12.16
2019-10-03,---_40,---,92.94
2019-04-02,General_21,General,-12.16
2021-01-24,Treat Yourself_21,Treat Yourself,-12.19
2019-06-07,---_6,---,-1.30
2021-07-17,Mental/physical health services_22,Mental/physical health services,-150.00
2021-02-28,---_2,---,100.12
2019-10-02,General_14,General,-1.18
2022-06-30,Groceries_33,Groceries,-56.60
2020-05-09,General_37,General,-35.52
2022-06-15,Treat Yourself_38,Treat Yourself,-12.92
2019-07-27,General_29,General,-12.00
2020-11-20,General_17,General,-8.00
2020-01-23,General_24,General,-1.19
2021-05-12,---_41,---,180.27
2022-09-26,Extra Income_6,Extra Income,75.00
2021-09-06,For others - food_16,For others - food,-49.50
2021-11-08,---_12,---,148.01
2018-11-15,---_24,---,-1.30
2021-10-14,Coffee_44,Coffee,-6.50
2020-02-10,---_18,---,98.29
2019-09-29,General_27,General,-1.35
2020-03-18,General_13,General,-0.40
2020-01-22,---_10,---,92.94
2021-03-02,For others - food_42,For others - food,-41.50
2022-02-02,Restaurant_45,Restaurant,-59.50
2019-09-28,General_50,General,-0.40
2022-08-03,Groceries_25,Groceries,-46.59
2019-11-10,General_44,General,-20.12
2019-05-02,General_16,General,-61.50
2022-07-23,Coffee_34,Coffee,-6.47
2019-04-28,General_12,General,-53.00
2019-11-06,General_39,General,-1.18
2019-11-29,General_19,General,-0.30
2018-12-31,General_43,General,-40.00
2021-02-13,Groceries_49,Groceries,-28.33
2021-10-27,Extra Income_6,Extra Income,20.00
2022-10-08,For others - food_26,For others - food,-74.75
2021-04-03,For others - food_33,For others - food,-44.69
2020-07-08,---_13,---,91.54
2020-05-20,---_31,---,75.14
2022-09-08,General_4,General,-40.00
2022-03-07,---_6,---,153.66
2019-11-13,General_50,General,-6.20
2019-04-01,---_24,---,-1.30
2021-02-26,---_34,---,100.12
2020-01-26,General_40,General,-22.26
2019-10-31,General_26,General,-5.50
2022-09-06,---_19,---,68.43
2019-08-29,General_26,General,-1.18
2019-02-15,General_20,General,-6.50
2019-10-22,General_20,General,-1.35
2020-01-19,General_14,General,-28.50
2018-11-24,General_49,General,-16.00
2022-07-07,---_22,---,127.60
2022-07-23,---_47,---,127.60
2020-07-14,General_31,General,-51.26
2019-08-10,General_5,General,-3.00
2019-03-18,---_46,---,-1.26
2019-08-19,General_49,General,-2.69
2022-03-09,---_42,---,153.66
2021-04-10,For others - food_34,For others - food,-26.43
2022-11-10,For others - food_37,For others - food,-17.95
2020-01-03,General_19,General,-8.50
2019-10-23,General_35,General,-1.10
2022-04-06,---_31,---,155.12
2021-10-23,---_10,---,146.98
2019-06-10,---_7,---,-1.30
2022-01-23,---_42,---,138.98
2022-02-28,For others - food_13,For others - food,-31.85
2020-11-15,General_20,General,-15.05
2019-10-25,General_8,General,-0.30
2021-02-14,Groceries_1,Groceries,-8.22
2020-11-01,General_22,General,-20.53
2020-11-12,For others - gift_35,For others - gift,-96.50
2020-03-31,General_17,General,-73.99
2020-07-06,Extra Income_37,Extra Income,10.00
2022-07-23,Groceries_6,Groceries,-6.44
2019-08-16,General_38,General,-3.25
2021-07-30,---_10,---,148.54
2018-09-24,General_26,General,-6.04
2022-09-04,For others - food_48,For others - food,-59.70
2019-10-04,General_19,General,-1.18
2019-09-10,General_0,General,-0.30
2018-10-15,---_38,---,-1.26
2019-11-29,General_21,General,-1.98
2019-09-15,General_10,General,-8.00
2021-12-02,Treat Yourself_16,Treat Yourself,-3.50
2022-02-16,---_5,---,158.35
2019-09-17,General_38,General,-0.40
2021-06-30,---_22,---,149.92
2019-10-31,General_5,General,-0.30
2019-12-14,General_0,General,-5.00
2019-10-05,General_10,General,-0.30
2022-03-20,Groceries_4,Groceries,-63.45
2019-07-25,Sale_14,Sale,45.00
2022-06-16,For others - gift_3,For others - gift,-60.72
2020-08-09,General_35,General,-59.56
2019-10-15,General_13,General,-0.40
2020-10-05,General_44,General,-40.00
2019-10-02,General_38,General,-0.30
2019-09-22,General_48,General,-30.00
2021-01-11,---_8,---,90.27
2021-02-13,Household_27,Household,-58.77
2019-10-10,General_12,General,-0.30
2019-10-20,General_13,General,-0.30
2020-09-19,General_19,General,-39.95
2022-08-22,Mental/physical health services_37,Mental/physical health services,-50.00
2021-07-06,---_13,---,148.54
2022-06-12,Alcohol_31,Alcohol,-24.15
2019-10-30,General_9,General,-2.10
2022-08-21,---_32,---,127.68
2019-09-15,General_5,General,-3.25
2019-10-24,General_11,General,-1.29
2018-12-27,---_26,---,-1.26
2020-06-24,---_10,---,85.81
2019-09-02,General_15,General,-2.69
2022-07-10,Mental/physical health services_37,Mental/physical health services,-35.50
2020-01-04,General_15,General,-1.74
2019-07-21,---_11,---,36.16
2018-07-31,General_2,General,-16.38
2020-06-04,---_14,---,85.81
2019-10-06,---_40,---,92.94
2022-01-17,---_36,---,138.98
2022-01-26,---_27,---,138.98
2019-04-02,---_40,---,-1.30
2019-10-08,General_4,General,-1.18
2018-07-31,---_0,---,-1.26
2019-11-08,General_32,General,-0.30
2019-05-26,General_0,General,-2.43
2019-11-16,Extra Income_13,Extra Income,100.00
2019-12-19,General_33,General,-1.13
2019-12-25,General_5,General,-1.18
2020-06-14,General_16,General,-30.15
2019-12-05,General_23,General,-9.50
2021-06-23,---_0,---,149.92
2022-07-10,For others - food_30,For others - food,-46.50
2019-11-19,General_48,General,-1.35
2019-12-23,General_45,General,-1.35
2019-08-27,---_12,---,33.06
2022-02-20,General_6,General,-5.00
2021-05-07,---_11,---,180.27
2019-12-31,General_37,General,-0.40
2019-01-27,---_33,---,-1.26
2019-11-02,General_10,General,-0.40
2019-05-04,General_33,General,-15.00
2021-09-23,Mental/physical health services_39,Mental/physical health services,-227.00
2020-10-23,---_3,---,90.47
2018-09-18,---_40,---,-1.30
2019-01-06,General_47,General,-50.00
2019-11-11,General_32,General,-0.30
2020-02-06,General_18,General,-2.17
2021-04-23,Fuel_36,Fuel,-51.67
2019-11-23,General_38,General,-25.00
2018-07-27,General_16,General,-28.09
2021-06-25,For others - food_7,For others - food,-87.02
2020-03-07,General_18,General,-14.50
2021-01-10,---_10,---,90.27
2019-10-19,General_31,General,-9.50
2019-09-28,General_19,General,-2.00
2021-11-02,Entertainment_37,Entertainment,-7.50
2019-06-17,---_32,---,-1.30
2019-08-13,General_20,General,-1.35
2020-09-07,General_41,General,-58.00
2019-08-07,General_23,General,-1.35
2018-09-19,---_45,---,-1.30
2022-07-11,For others - food_8,For others - food,-59.51
2019-04-19,Extra Income_26,Extra Income,67.50
2019-07-14,General_8,General,-2.43
2022-02-19,Coffee_45,Coffee,-7.60
2020-11-26,---_32,---,93.53
2021-07-25,Treat Yourself_19,Treat Yourself,-6.00
2019-07-21,General_12,General,-2.69
2020-01-11,General_42,General,-21.50
2019-06-10,General_15,General,-2.43
2019-12-20,General_12,General,-0.30
2019-10-05,General_50,General,-1.10
2020-07-15,---_37,---,91.54
2018-07-27,Extra Income_18,Extra Income,186.33
2019-04-27,General_16,General,-10.25
2019-08-26,General_27,General,-6.29
2021-06-27,---_5,---,149.92
2020-07-13,General_33,General,-6.00
2020-11-11,General_0,General,-5.75
2022-09-02,Household_24,Household,-123.16
2020-09-22,Extra Income_44,Extra Income,20.00
2019-12-05,General_40,General,-0.40
2019-07-06,---_25,---,36.16
2019-11-08,General_41,General,-1.18
2019-08-06,General_1,General,-3.25
2021-08-14,For others - food_28,For others - food,-61.02
2018-08-03,General_25,General,-18.73
2022-03-27,---_34,---,153.66
2020-10-14,General_45,General,-25.50
2020-01-06,---_15,---,92.94
2019-10-11,General_22,General,-65.05
2021-07-12,---_13,---,148.54
2020-03-17,General_30,General,-0.40
2021-06-21,---_25,---,149.92
2019-07-28,General_43,General,-2.69
2022-11-18,---_21,---,43.20
2019-10-07,General_43,General,-1.10
2020-09-23,---_45,---,94.61
2019-07-16,---_15,---,36.16
2018-09-07,---_2,---,-1.30
2020-10-25,---_50,---,90.47
2019-02-10,---_0,---,-1.39
2020-01-20,General_6,General,-0.40
2019-03-01,---_4,---,-1.26
2019-08-10,General_29,General,-3.25
2020-09-02,General_41,General,-35.00
2019-12-15,General_4,General,-26.00
2022-02-15,---_38,---,158.35
2021-09-24,For others - food_10,For others - food,-29.25
2019-12-14,General_29,General,-0.40
2021-10-28,Groceries_2,Groceries,-13.98
2020-08-24,General_45,General,-28.50
2019-08-22,---_41,---,33.06
2020-06-03,---_34,---,85.81
2019-05-12,---_28,---,-1.26
2019-06-16,Extra Income_17,Extra Income,135.00
2019-05-20,General_42,General,-2.43
2018-10-28,---_8,---,-1.26
2019-06-05,---_50,---,-1.30
2022-07-17,Alcohol_0,Alcohol,-34.50
2021-09-28,---_27,---,148.72
2019-08-03,General_1,General,-1.35
2021-10-04,Restaurant_2,Restaurant,-15.07
2020-03-07,General_25,General,-32.50
2022-02-23,---_0,---,158.35
2021-09-30,Coffee_42,Coffee,-15.09
2021-03-03,---_15,---,90.27
2022-10-02,Restaurant_10,Restaurant,-27.50
2019-07-27,General_24,General,-30.25
2019-03-10,General_12,General,-12.16
2019-07-22,---_8,---,36.16
2020-02-19,General_46,General,-11.50
2019-08-11,General_11,General,-3.26
2019-12-23,General_27,General,-3.25
2022-03-20,---_42,---,153.66
2019-06-17,General_39,General,-2.43
2018-10-01,---_20,---,-1.26
2019-09-29,General_21,General,-0.40
2019-11-23,General_11,General,-41.00
2019-09-13,General_15,General,-1.35
2021-12-02,---_46,---,147.02
2019-09-08,General_35,General,-1.35
2019-10-27,General_29,General,-1.29
2021-02-07,For others - food_43,For others - food,-68.75
2020-09-13,General_33,General,-37.72
2021-04-22,General_48,General,-50.00
2018-08-11,---_15,---,-1.26
2019-10-30,General_48,General,-1.10
2021-09-21,---_19,---,148.72
2022-09-19,---_26,---,68.43
2019-02-03,General_31,General,-12.16
2019-12-20,General_14,General,-1.35
2020-01-13,General_19,General,-58.50
2020-07-12,General_23,General,-14.56
2018-10-16,General_41,General,-55.00
2019-08-17,General_35,General,-6.29
2020-11-07,---_3,---,93.53
2018-11-23,General_9,General,-58.00
2022-07-01,---_2,---,127.60
2020-03-12,---_50,---,91.91
2021-05-05,For others - food_33,For others - food,-18.50
2019-06-02,General_44,General,-2.43
2019-10-24,General_46,General,-1.35
2019-11-05,General_24,General,-2.15
2022-10-12,For others - food_0,For others - food,-100.36
2019-03-16,General_41,General,-35.25
2020-01-25,General_37,General,-1.19
2019-07-17,General_32,General,-2.43
2019-08-27,General_13,General,-2.69
2021-08-26,---_12,---,148.54
2022-09-02,---_13,---,68.43
2019-04-07,General_5,General,-12.16
2019-11-14,General_22,General,-0.40
2021-12-22,Karma_44,Karma,-20.00
2019-09-27,General_17,General,-0.30
2021-03-02,Groceries_49,Groceries,-75.50
2019-10-03,General_12,General,-8.50
2019-12-26,General_41,General,-0.30
2019-06-14,---_1,---,-1.30
2019-09-15,General_1,General,-1.35
2021-04-23,For others - food_47,For others - food,-38.00
2021-07-02,Treat Yourself_47,Treat Yourself,-102.39
2022-01-31,For others - gift_43,For others - gift,-142.18
2018-12-13,---_31,---,-1.26
2020-10-17,---_45,---,90.47
2020-10-22,---_40,---,90.47
2019-11-20,General_19,General,-0.30
2019-05-07,General_22,General,-1.61
2020-07-30,General_10,General,-13.52
2019-09-21,General_36,General,-0.40
2021-04-03,Treat Yourself_17,Treat Yourself,-26.84
2019-10-07,General_27,General,-1.35
2020-03-25,General_7,General,-23.28
2020-03-08,General_1,General,-6.00
2022-09-13,Restaurant_47,Restaurant,-35.20
2019-02-14,---_16,---,-1.39
2019-12-21,General_2,General,-0.40
2021-03-30,---_3,---,90.27
2018-09-27,---_3,---,-1.30
2019-10-27,General_3,General,-1.10
2021-06-14,---_37,---,149.92
2018-12-22,---_20,---,-1.26
2019-01-17,---_21,---,-1.26
2019-12-09,General_40,General,-1.18
2020-03-02,General_16,General,-2.50
2019-12-21,General_35,General,-1.35
2019-11-26,General_12,General,-1.98
2019-09-03,General_21,General,-1.18
2019-05-31,General_19,General,-2.43
2019-10-13,General_38,General,-20.00
2020-07-14,General_23,General,-27.50
2022-06-02,For others - food_41,For others - food,-10.50
2019-12-11,---_32,---,92.94
2019-09-29,General_21,General,-1.18
2020-02-18,General_44,General,-3.60
2019-10-11,General_12,General,-17.20
2020-12-31,---_25,---,90.47
2018-09-01,---_37,---,-1.30
2022-11-04,---_6,---,43.20
2020-11-12,Restaurant_20,Restaurant,-12.35
2022-11-10,For others - gift_10,For others - gift,-13.00
2019-10-14,General_25,General,-0.40
2022-07-30,Restaurant_30,Restaurant,-17.33
2020-06-28,---_21,---,85.81
2018-07-25,General_13,General,-4.50
2020-05-10,---_16,---,75.14
2020-08-13,---_24,---,91.54
2019-03-11,---_9,---,-1.26
2022-03-16,General_30,General,-15.00
2020-07-09,---_38,---,91.54
2018-10-23,---_16,---,-1.26
2019-09-04,General_49,General,-1.35
2019-09-16,General_26,General,-3.25
2022-06-30,Household_38,Household,-24.28
2022-02-28,For others - gift_23,For others - gift,-38.17
2019-10-16,General_3,General,-1.18
2021-05-07,Charity_29,Charity,-100.00
2019-10-04,General_23,General,-1.10
2021-10-13,Creative projects_28,Creative projects,-142.50
2022-05-08,For others - food_46,For others - food,-58.50
2019-05-27,---_49,---,-1.26
2019-12-22,General_19,General,-1.13
2019-05-25,General_21,General,-1.61
2021-10-22,---_26,---,146.98
2019-08-23,General_43,General,-3.25
2022-03-04,Coffee_36,Coffee,-7.77
2021-12-10,Coffee_39,Coffee,-3.68
2021-02-18,---_46,---,100.12
2022-02-03,---_29,---,158.35
2021-07-11,---_13,---,148.54
2019-11-17,General_46,General,-1.18
2019-11-11,General_9,General,-12.55
2018-10-04,---_42,---,-1.26
2020-10-15,---_28,---,90.47
2019-05-06,General_10,General,-2.43
2020-03-16,General_21,General,-129.50
2019-08-02,General_5,General,-3.26
2019-08-27,General_42,General,-4.03
2019-09-29,General_43,General,-42.00
2019-11-08,General_0,General,-6.25
2021-12-11,For others - gift_47,For others - gift,-64.96
2021-08-27,General_48,General,-4.00
2020-12-07,For others - food_5,For others - food,-51.50
2022-02-15,For others - food_16,For others - food,-89.50
2021-09-05,---_50,---,148.72
2019-01-11,General_17,General,-10.20
2020-01-26,General_43,General,-0.40
2022-11-17,---_4,---,43.20
2019-04-30,General_2,General,-3.75
2019-06-22,General_26,General,-2.43
2020-04-07,---_28,---,94.98
2019-09-09,General_40,General,-0.30
2020-09-14,---_31,---,94.61
2021-04-01,General_3,General,-28.85
2019-12-25,General_3,General,-1.13
2021-12-17,---_47,---,147.02
2019-12-28,General_2,General,-1.13
2020-08-10,---_46,---,91.54
2020-07-06,Extra Income_46,Extra Income,10.00
2019-09-09,General_28,General,-0.40
2019-12-01,General_5,General,-0.30
2020-04-11,---_30,---,94.98
2020-11-22,General_1,General,-15.00
2019-08-15,General_44,General,-3.26
2021-10-15,Treat Yourself_12,Treat Yourself,-7.14
2019-08-15,General_10,General,-56.00
2020-02-22,---_24,---,98.29
2019-12-15,General_12,General,-0.30
2020-03-03,---_32,---,91.91
2020-05-21,---_47,---,75.14
2020-06-07,General_44,General,-36.37
2022-06-11,Alcohol_5,Alcohol,-29.40
2019-09-21,---_15,---,96.03
2019-11-28,General_5,General,-39.20
2019-10-29,General_19,General,-1.18
2019-11-06,General_38,General,-1.98
2021-01-30,---_23,---,90.27
2022-11-07,taxi/ride share_25,taxi/ride share,-14.07
2019-02-09,General_10,General,-40.00
2019-04-12,General_23,General,-20.00
2021-08-04,---_23,---,148.54
2020-03-08,General_39,General,-3.10
2022-08-21,Restaurant_1,Restaurant,-30.00
2021-01-24,Household_34,Household,-16.64
2022-09-15,For others - food_6,For others - food,-37.38
2021-04-23,Household_29,Household,-26.09
2019-10-14,General_33,General,-1.18
2018-10-18,---_24,---,-1.26
2020-01-24,General_42,General,-1.19
2018-08-10,General_8,General,-70.96
2020-08-22,General_14,General,-25.58
2020-02-18,Extra Income_1,Extra Income,17.74
2021-09-24,Mental/physical health services_20,Mental/physical health services,-150.00
2020-01-10,General_7,General,-1.19
2019-02-08,General_16,General,-26.50
2020-11-06,General_45,General,-15.00
2020-08-02,General_42,General,-87.88
2022-06-11,---_31,---,155.12
2019-10-28,General_17,General,-1.35
2022-09-24,For others - food_40,For others - food,-31.00
2020-09-09,---_29,---,94.61
2019-06-06,General_29,General,-2.43
2020-01-10,General_33,General,-14.50
2019-10-15,General_7,General,-4.17
2019-09-18,General_9,General,-3.25
2019-08-06,General_40,General,-1.18
2021-09-05,Restaurant_22,Restaurant,-40.93
2019-05-03,General_2,General,-2.43
2022-11-02,---_0,---,43.20
2019-10-01,General_32,General,-3.25
2019-12-09,General_11,General,-2.50
2019-11-28,General_1,General,-3.25
2022-11-14,Extra Income_18,Extra Income,100.00
2021-11-22,Extra Income_8,Extra Income,336.00
2019-11-10,---_20,---,96.03
2019-08-31,General_27,General,-3.25
2022-10-05,---_36,---,41.97
2020-11-18,Restaurant_1,Restaurant,-49.11
2021-05-23,---_9,---,180.27
2018-08-07,---_15,---,-1.26
2018-10-26,---_33,---,-1.26
2019-09-06,General_42,General,-3.25
2019-10-06,General_4,General,-25.00
2019-09-08,General_47,General,-1.18
2019-12-05,---_41,---,92.94
2019-08-12,General_49,General,-1.18
2018-08-27,---_49,---,-1.26
2019-08-08,General_11,General,-6.29
2020-08-27,General_3,General,-16.85
2019-10-18,General_5,General,-1.29
2018-09-24,---_19,---,-1.30
2020-03-01,General_22,General,-0.40
2020-01-16,General_25,General,-1.19
2020-07-06,General_8,General,-42.15
2022-05-31,---_31,---,153.66
2019-12-06,General_48,General,-8.50
2020-01-31,General_7,General,-27.50
2019-09-24,General_31,General,-1.35
2018-10-09,---_20,---,-1.26
2022-11-08,Coffee_32,Coffee,-12.69
2021-10-25,---_42,---,146.98
2019-09-21,General_19,General,-0.30
2022-09-01,Extra Income_19,Extra Income,150.00
2019-12-20,General_14,General,-3.25
2020-02-07,General_0,General,-0.40
2020-01-21,General_27,General,-1.19
2022-08-09,---_29,---,127.68
2020-09-13,---_32,---,94.61
2020-01-05,General_44,General,-1.74
2022-07-29,Coffee_10,Coffee,-6.61
2020-03-02,---_26,---,91.91
2019-10-15,General_20,General,-10.55
2020-04-30,General_46,General,-62.15
2019-01-04,General_36,General,-50.43
2019-09-30,General_13,General,-1.35
2020-02-11,General_13,General,-12.55
2019-06-29,General_29,General,-11.40
2020-12-11,---_9,---,90.47
2019-11-30,General_43,General,-1.35
2019-12-11,General_13,General,-1.35
2019-11-18,General_34,General,-1.18
2022-07-12,Groceries_40,Groceries,-67.57
2018-08-15,General_4,General,-34.50
2018-10-13,---_36,---,-1.26
2019-07-14,---_21,---,36.16
2019-11-21,General_21,General,-42.00
2019-09-07,General_50,General,-15.00
2019-12-05,General_36,General,-5.60
2021-07-25,Restaurant_1,Restaurant,-27.50
2019-11-29,General_9,General,-20.00
2019-08-24,General_28,General,-4.03
2019-12-16,General_33,General,-0.40
2019-11-02,General_39,General,-1.18
2019-01-08,---_23,---,-1.26
2020-03-25,General_11,General,-23.94
2019-08-26,General_6,General,-1.18
2021-10-27,Fuel_38,Fuel,-60.00
2020-03-31,General_6,General,-42.76
2021-01-23,Groceries_11,Groceries,-16.14
2022-08-11,---_9,---,127.68
2019-05-02,---_48,---,-1.26
2019-10-06,General_35,General,-4.10
2019-07-27,General_46,General,-35.50
2021-01-22,For others - food_48,For others - food,-94.35
2021-10-02,Haircare/cosmetic_6,Haircare/cosmetic,-45.00
2019-09-14,General_18,General,-0.30
2019-10-15,General_28,General,-3.25
2020-07-24,General_25,General,-24.50
2021-02-04,---_19,---,100.12
2021-05-13,General_45,General,-35.00
2019-11-15,General_32,General,-8.50
2020-08-23,General_42,General,-102.50
2019-07-25,General_46,General,-35.83
2020-08-18,General_22,General,-43.06
2019-05-14,General_5,General,-2.43
2019-11-26,General_33,General,-0.40
2020-12-28,---_43,---,90.47
2020-06-27,General_49,General,-20.00
2022-08-20,Groceries_47,Groceries,-76.74
2022-07-30,Coffee_21,Coffee,-5.93
2022-07-29,Groceries_18,Groceries,-72.50
2021-01-28,For others - food_28,For others - food,-13.50
2018-09-30,---_12,---,-1.30
2020-03-25,General_14,General,-0.40
2019-03-22,---_38,---,-1.26
2018-08-17,General_3,General,-25.00
2022-04-03,---_28,---,155.12
2020-01-12,---_41,---,92.94
2020-01-16,General_6,General,-35.00
2019-10-31,General_6,General,-3.25
2019-08-24,General_17,General,-28.30
2019-11-03,General_12,General,-1.18
2019-03-15,---_18,---,-1.26
2019-12-14,General_7,General,-15.00
2019-02-07,General_16,General,-12.16
2022-05-26,Coffee_34,Coffee,-7.11
2021-04-02,Charity_13,Charity,-50.00
2020-08-29,General_32,General,-30.13
2022-02-09,---_39,---,158.35
2019-07-23,---_6,---,36.16
2020-04-23,General_22,General,-44.50
2019-08-27,General_5,General,-3.26
2020-10-31,General_35,General,-53.50
2019-08-18,General_31,General,-2.69
2019-10-19,General_45,General,-0.30
2020-01-19,General_39,General,-75.00
2019-01-06,General_24,General,-87.00
2022-10-06,Household_41,Household,-134.50
2022-05-13,---_30,---,153.66
2019-10-12,---_33,---,92.94
2019-10-10,General_50,General,-3.25
2020-06-30,---_39,---,85.81
2022-07-29,---_13,---,127.60
2021-04-17,For others - food_42,For others - food,-26.20
2019-12-09,General_24,General,-3.25
2019-03-24,General_26,General,-20.00
2020-01-26,General_25,General,-43.50
2019-03-12,General_37,General,-25.50
2021-11-30,---_18,---,148.01
2019-10-28,General_48,General,-3.25
2020-11-10,For others - food_43,For others - food,-40.00
2019-10-11,General_27,General,-0.40
2020-03-07,---_47,---,91.91
2020-12-29,Charity_34,Charity,-35.00
2021-03-26,---_49,---,90.27
2018-08-15,General_24,General,-340.00
2022-05-11,---_29,---,153.66
2020-01-22,General_48,General,-5.20
2020-12-03,Coffee_0,Coffee,-14.50
2019-12-02,---_25,---,92.94
2022-08-18,Coffee_40,Coffee,-5.50
2022-09-18,Alcohol_10,Alcohol,-41.40
2021-09-05,For others - food_7,For others - food,-140.86
2021-01-12,---_34,---,90.27
2019-10-26,General_30,General,-29.86
2019-10-22,General_18,General,-1.18
2019-12-01,General_11,General,-3.25
2019-08-16,General_27,General,-6.29
2020-01-26,General_47,General,-66.00
2022-10-16,Household_41,Household,-21.07
2022-05-24,Mental/physical health services_28,Mental/physical health services,-150.00
2019-10-11,General_4,General,-0.30
2021-08-07,For others - food_16,For others - food,-64.14
2019-07-12,General_38,General,-2.43
2019-02-06,---_35,---,-1.39
2019-10-16,General_20,General,-0.40
2018-12-21,---_24,---,-1.26
2019-06-16,---_7,---,-1.30
2019-10-11,---_16,---,92.94
2019-07-26,---_24,---,36.16
2020-01-07,General_36,General,-9.45
2019-07-09,General_6,General,-2.43
2020-03-27,---_15,---,91.91
2019-09-21,General_50,General,-12.50
2019-08-11,General_37,General,-2.69
2021-02-08,---_21,---,100.12
2020-05-05,---_40,---,75.14
2022-07-29,Coffee_41,Coffee,-7.38
2019-07-25,General_39,General,-48.00
2022-05-22,Groceries_39,Groceries,-59.20
2022-03-18,---_38,---,153.66
2019-01-14,---_36,---,-1.26
2021-05-16,---_15,---,180.27
2020-11-14,For others - gift_21,For others - gift,-125.44
2019-09-18,General_33,General,-1.18
2022-09-09,Groceries_22,Groceries,-71.93
2019-12-14,General_11,General,-12.08
2020-02-13,---_32,---,98.29
2022-07-05,Coffee_34,Coffee,-5.25
2021-06-26,---_45,---,149.92
2022-08-02,Entertainment_39,Entertainment,-28.42
2020-01-12,General_37,General,-53.00
2020-07-14,General_29,General,-20.17
2019-09-01,General_40,General,-1.35
2019-10-29,---_36,---,92.94
2020-04-02,General_29,General,-0.40
2020-08-19,General_5,General,-85.50
2019-08-28,General_22,General,-3.25
2021-04-17,For others - food_11,For others - food,-51.50
2020-05-06,General_10,General,-42.51
2019-09-19,General_23,General,-2.25
2020-07-06,---_31,---,91.54
2020-07-04,General_27,General,-14.34
2022-05-04,---_35,---,153.66
2021-05-03,---_6,---,180.27
2020-01-07,General_15,General,-0.40
2019-10-18,General_48,General,-0.30
2020-12-19,---_16,---,90.47
2021-10-03,Books_21,Books,-15.00
2021-07-31,---_22,---,148.54
2020-01-18,General_6,General,-14.00
2019-07-27,Sale_6,Sale,95.00
2020-07-07,---_5,---,91.54
2020-11-22,Coffee_40,Coffee,-4.50
2019-12-30,General_38,General,-1.13
2020-02-21,---_20,---,98.29
2019-12-25,---_35,---,92.94
2021-12-25,---_13,---,147.02
2021-03-09,---_13,---,90.27
2020-03-17,---_31,---,91.91
2019-11-01,General_16,General,-1.35
2018-08-20,---_44,---,-1.26
2018-08-06,General_37,General,-121.43
2019-10-17,General_46,General,-14.10
2019-12-17,General_48,General,-1.18
2020-01-24,General_49,General,-13.50
2020-09-16,General_9,General,-7.95
2019-11-10,General_14,General,-18.95
2021-12-22,Groceries_7,Groceries,-58.50
2019-10-27,General_1,General,-2.00
2019-11-14,General_6,General,-1.18
2020-01-18,General_39,General,-244.50
2022-02-06,For others - food_19,For others - food,-12.64
2020-02-28,General_25,General,-23.50
2019-03-31,General_31,General,-12.16
2021-02-05,General_1,General,-15.89
2018-10-17,General_6,General,-69.00
2019-02-28,General_0,General,-3.05
2021-05-28,---_1,---,180.27
2022-11-17,Treat Yourself_32,Treat Yourself,-6.96
2021-09-06,---_3,---,148.72
2022-08-18,For others - food_28,For others - food,-167.16
2019-11-28,---_30,---,96.03
2019-02-01,Extra Income_10,Extra Income,135.00
2022-09-01,Coffee_15,Coffee,-6.48
2019-08-20,General_45,General,-1.35
2018-09-23,---_21,---,-1.30
2019-10-29,General_14,General,-0.30
2022-04-30,Treat Yourself_50,Treat Yourself,-25.07
2021-11-12,Mental/physical health services_4,Mental/physical health services,-150.00
2021-12-19,---_24,---,147.02
2020-12-05,For others - food_28,For others - food,-23.65
2019-11-03,General_11,General,-1.35
2020-02-27,General_24,General,-0.40
2020-12-30,For others - food_38,For others - food,-14.50
2021-11-25,---_12,---,148.01
2019-06-18,---_36,---,-1.30
2019-12-19,General_21,General,-95.50
2019-05-17,General_50,General,-2.43
2021-04-04,---_0,---,203.26
2019-12-10,General_19,General,-1.18
2019-03-04,---_11,---,-1.26
2019-08-25,General_15,General,-14.00
2022-07-26,For others - food_4,For others - food,-25.50
2021-06-29,For others - food_14,For others - food,-8.50
2022-04-11,---_27,---,155.12
2020-11-12,Restaurant_17,Restaurant,-30.00
2019-12-04,General_41,General,-1.13
2019-11-12,General_24,General,-1.35
2019-05-20,---_45,---,-1.26
2020-07-29,---_8,---,91.54
2021-12-09,---_22,---,147.02
2021-11-04,---_29,---,148.01
2020-03-12,General_10,General,-0.40
2019-12-01,General_49,General,-1.18
2021-12-07,---_9,---,147.02
2019-08-02,---_32,---,33.06
2019-08-18,General_48,General,-1.35
2021-01-24,---_19,---,90.27
2019-07-07,General_7,General,-2.43
2020-01-19,General_24,General,-1.19
2020-04-22,General_22,General,-23.63
2019-08-18,General_12,General,-3.26
2022-10-30,---_45,---,41.97
2019-09-06,General_50,General,-1.35
2021-08-12,---_25,---,148.54
2019-08-06,General_47,General,-7.48
2022-04-09,For others - food_9,For others - food,-65.50
2020-01-16,---_37,---,92.94
2022-04-01,---_16,---,155.12
2020-01-05,General_37,General,-42.00
2019-08-15,General_4,General,-1.18
2019-06-20,Extra Income_37,Extra Income,175.00
2020-07-19,---_47,---,91.54
2021-04-03,For others - gift_29,For others - gift,-55.50
2020-06-25,---_4,---,85.81
2019-07-03,General_30,General,-2.69
2022-01-17,Creative projects_5,Creative projects,"-1,044.00"
2022-09-03,For others - gift_46,For others - gift,-6.87
2019-12-16,General_39,General,-1.13
2020-02-11,General_39,General,-2.60
2019-10-15,General_0,General,-1.18
2020-08-22,General_37,General,-12.64
2019-09-28,General_27,General,-16.50
2021-11-16,---_36,---,148.01
2019-11-12,General_31,General,-1.19
2019-11-08,General_25,General,-1.19
2019-12-14,General_31,General,-0.30
2021-11-03,---_27,---,148.01
2019-10-07,General_25,General,-0.30
2020-10-14,General_0,General,-8.50
2020-07-30,General_30,General,-17.74
2020-09-05,---_4,---,94.61
2019-09-18,General_32,General,-0.40
2019-11-07,General_13,General,-1.35
2022-06-07,---_23,---,155.12
2018-11-11,---_25,---,-1.30
2019-11-03,General_16,General,-1.98
2019-01-28,---_45,---,-1.26
2021-08-27,---_43,---,148.54
2020-06-20,---_22,---,85.81
2020-01-26,General_35,General,-1.19
2022-05-07,---_25,---,153.66
2020-08-16,General_29,General,-24.75
2019-09-30,General_11,General,-1.89
2019-05-11,General_46,General,-2.43
2022-09-21,Coffee_48,Coffee,-5.20
2020-11-15,---_20,---,93.53
2022-10-05,Film photography and development_12,Film photography and development,-28.00
2019-11-16,General_33,General,-1.98
2019-10-19,General_5,General,-1.10
2019-08-31,General_10,General,-33.00
2019-11-16,General_45,General,-3.25
2022-03-18,For others - food_9,For others - food,-24.42
2019-06-19,---_31,---,-1.30
2019-06-04,---_34,---,-1.30
2018-09-14,---_39,---,-1.30
2020-10-19,General_27,General,-3.10
2018-11-13,---_44,---,-1.30
2021-04-11,General_32,General,-3.00
2019-10-16,General_26,General,-0.30
2020-03-22,---_39,---,91.91
2019-01-05,General_41,General,-34.30
2019-11-30,General_26,General,-1.18
2020-01-17,General_44,General,-1.74
2020-07-14,---_31,---,91.54
2018-11-02,---_15,---,-1.30
2019-11-18,General_22,General,-0.40
2021-10-11,---_18,---,146.98
2021-10-03,Coffee_39,Coffee,-14.50
2019-11-24,General_27,General,-2.70
2019-07-06,General_9,General,-7.00
2019-09-21,General_0,General,-20.50
2020-01-18,General_30,General,-1.19
2018-08-25,---_3,---,-1.26
2022-03-06,---_15,---,153.66
2022-06-12,Clothing_4,Clothing,-103.14
2019-05-09,General_42,General,-1.61
2022-02-28,Mental/physical health services_9,Mental/physical health services,-150.00
2019-10-29,General_49,General,-3.25
2019-03-16,General_6,General,-20.00
2020-10-31,General_2,General,-43.50
2020-09-12,---_23,---,94.61
2019-11-04,General_33,General,-1.18
2019-08-02,General_2,General,-7.48
2019-08-01,General_37,General,-1.18
2020-01-02,General_36,General,-0.40
2019-11-18,General_41,General,-0.30
2019-08-16,General_50,General,-3.26
2022-05-23,---_35,---,153.66
2022-09-10,---_21,---,68.43
2021-11-12,---_12,---,148.01
2019-08-07,General_46,General,-3.25
2020-03-14,General_33,General,-38.50
2019-08-01,General_28,General,-3.26
2020-01-15,General_5,General,-3.40
2020-09-09,General_32,General,-39.10
2019-10-12,General_47,General,-8.30
2021-07-09,---_20,---,148.54
2019-07-15,---_29,---,36.16
2019-11-24,General_25,General,-1.19
2019-06-26,General_1,General,-2.43
2018-08-18,General_5,General,-25.00
2022-09-13,Coffee_21,Coffee,-3.68
2019-08-26,General_2,General,-3.25
2021-11-21,---_27,---,148.01
2019-07-09,General_37,General,-2.69
2019-11-20,General_40,General,-0.40
2020-01-23,General_32,General,-2.00
2019-03-09,General_46,General,-12.16
2022-02-16,Haircare/cosmetic_47,Haircare/cosmetic,-40.00
2021-02-13,Extra Income_2,Extra Income,200.00
2021-07-01,Charity_44,Charity,-125.00
2019-05-23,General_4,General,-2.43
2021-08-15,---_27,---,148.54
2019-09-27,General_40,General,-1.35
2019-12-07,General_19,General,-3.25
2020-11-12,Clothing_18,Clothing,-217.85
2020-03-04,General_15,General,-6.75
2020-01-24,General_15,General,-12.00
2022-04-21,---_48,---,155.12
2019-05-02,General_39,General,-1.61
2021-02-02,---_16,---,100.12
2019-12-21,General_22,General,-1.13
2019-08-08,General_1,General,-3.26
2019-11-27,General_40,General,-0.40
2022-05-20,Coffee_46,Coffee,-4.72
2020-05-02,---_9,---,75.14
2020-04-13,General_41,General,-67.47
2021-02-11,---_35,---,100.12
2022-09-11,For others - food_46,For others - food,-32.65
2021-01-02,---_1,---,90.27
2019-12-24,General_26,General,-0.40
2019-12-15,---_48,---,92.94
2020-09-06,General_4,General,-74.04
2019-12-11,General_8,General,-1.13
2019-10-18,General_37,General,-3.25
2020-01-07,General_24,General,-1.74
2021-09-20,---_17,---,148.72
2021-11-05,---_50,---,148.01
2019-05-13,General_50,General,-2.43
2019-05-27,General_32,General,-35.00
2022-01-14,Haircare/cosmetic_1,Haircare/cosmetic,-37.50
2019-06-20,---_33,---,-1.30
2020-03-10,General_14,General,-0.40
2022-09-02,Mental/physical health services_43,Mental/physical health services,-39.00
2020-06-30,General_11,General,-31.76
2022-07-17,For others - food_16,For others - food,-29.90
2022-07-24,General_13,General,-32.50
2019-11-03,General_43,General,-16.75
2020-06-06,General_16,General,-64.71
2019-09-22,General_17,General,-11.60
2020-11-04,---_13,---,93.53
2020-04-03,---_4,---,94.98
2020-01-08,Extra Income_0,Extra Income,157.50
2020-10-21,---_49,---,90.47
2022-05-15,For others - gift_6,For others - gift,-100.22
2018-10-17,General_19,General,-30.00
2022-11-19,---_48,---,43.20
2019-12-16,General_45,General,-3.25
2021-08-28,For others - food_45,For others - food,-31.41
2022-05-08,---_2,---,153.66
2019-08-06,General_47,General,-3.26
2020-04-29,General_28,General,-32.65
2019-08-12,General_37,General,-2.45
2019-01-31,---_39,---,-1.26
2020-02-14,General_20,General,-42.01
2019-07-28,---_49,---,36.16
2021-05-07,Charity_9,Charity,-100.00
2019-05-08,General_48,General,-1.61
2019-05-04,General_26,General,-20.00
2019-08-11,General_18,General,-7.48
2021-07-10,---_32,---,148.54
2021-10-24,---_21,---,146.98
2022-02-06,For others - gift_20,For others - gift,-6.90
2022-11-18,Extra Income_35,Extra Income,125.00
2018-12-24,---_38,---,-1.26
2019-11-06,General_38,General,-1.35
2019-02-23,General_10,General,-12.16
2020-01-12,General_1,General,-0.40
2020-12-05,Groceries_11,Groceries,-11.23
2022-10-17,taxi/ride share_4,taxi/ride share,-56.69
2018-09-26,---_1,---,-1.30
2021-02-05,General_29,General,-50.55
2019-09-14,General_10,General,-25.00
2019-04-04,---_7,---,-1.30
2020-05-09,---_18,---,75.14
2019-04-14,---_2,---,-1.30
2019-04-08,---_8,---,-1.30
2020-11-09,---_18,---,93.53
2021-02-09,For others - food_24,For others - food,-41.50
2019-06-28,---_49,---,-1.30
2021-09-02,For others - food_4,For others - food,-14.50
2019-12-07,General_32,General,-50.00
2022-06-06,---_3,---,155.12
2021-02-13,Groceries_16,Groceries,-59.04
2018-10-29,---_0,---,-1.26
2020-03-31,General_18,General,-0.40
2021-01-17,Groceries_9,Groceries,-36.50
2020-06-05,---_46,---,85.81
2022-08-01,---_26,---,127.68
2019-12-14,General_11,General,-1.35
2022-01-22,For others - food_31,For others - food,-63.50
2020-02-28,General_6,General,-3.88
2022-09-28,Restaurant_14,Restaurant,-3.00
2020-09-12,General_1,General,-105.85
2019-08-03,General_42,General,-7.48
2022-06-04,Fuel_26,Fuel,-59.60
2018-11-11,General_45,General,-6.11
2021-06-05,Books_7,Books,-50.40
2022-10-13,Extra Income_0,Extra Income,320.00
2019-06-12,---_40,---,-1.30
2022-06-09,For others - food_40,For others - food,-52.89
2020-02-02,General_24,General,-0.40
2019-03-03,General_10,General,-2.00
2019-12-23,General_5,General,-1.18
2020-10-29,General_35,General,-20.00
2019-08-30,General_44,General,-2.05
2019-10-28,General_15,General,-9.55
2022-01-14,---_9,---,138.98
2021-06-01,For others - food_27,For others - food,-67.69
2021-04-16,For others - food_16,For others - food,-36.65
2022-06-19,For others - food_40,For others - food,-29.28
2019-05-25,General_5,General,-2.43
2020-02-28,---_45,---,98.29
2022-05-10,---_50,---,153.66
2020-12-08,---_41,---,90.47
2019-11-10,General_9,General,-2.85
2022-05-04,For others - food_11,For others - food,-24.25
2019-08-09,General_37,General,-2.69
2019-07-25,General_20,General,-38.00
2020-04-22,General_13,General,-71.57
2019-10-12,General_46,General,-1.29
2019-01-30,---_41,---,-1.26
2022-03-31,---_18,---,153.66
2020-04-23,---_38,---,94.98
2019-01-25,General_50,General,-60.00
2019-11-09,General_24,General,-44.79
2022-04-08,Film photography and development_36,Film photography and development,-48.81
2019-11-07,General_20,General,-0.30
2020-07-28,---_45,---,91.54
2021-12-10,taxi/ride share_12,taxi/ride share,-16.80
2022-06-19,For others - food_31,For others - food,-65.75
2019-09-23,---_37,---,96.03
2019-11-19,---_49,---,96.03
2019-07-07,General_20,General,-23.10
2018-09-12,---_14,---,-1.30
2019-08-31,General_21,General,-6.29
2019-10-17,General_39,General,-1.18
2019-07-16,General_24,General,-2.69
2019-05-18,General_11,General,-2.43
2018-11-01,General_35,General,-54.35
2021-06-19,Haircare/cosmetic_39,Haircare/cosmetic,-50.00
2018-08-06,General_2,General,-25.00
2020-12-26,---_13,---,90.47
2021-08-16,Treat Yourself_4,Treat Yourself,-68.54
2022-08-28,Coffee_5,Coffee,-12.50
2018-11-21,General_39,General,-40.00
2019-11-10,General_33,General,-3.25
2019-10-31,General_45,General,-0.40
2022-07-01,Alcohol_41,Alcohol,-75.00
2019-12-14,General_36,General,-24.00
2021-06-05,Restaurant_7,Restaurant,-17.09
2021-03-14,Fuel_3,Fuel,-49.50
2020-03-23,General_4,General,-0.40
2020-03-29,---_48,---,91.91
2022-01-27,---_26,---,138.98
2021-08-02,Fuel_8,Fuel,-52.59
2018-11-10,General_25,General,-27.00
2022-07-17,---_15,---,127.60
2020-01-01,General_42,General,-1.19
2022-04-09,Groceries_4,Groceries,-60.01
2019-12-03,General_8,General,-11.25
2021-07-21,---_30,---,148.54
2022-07-04,---_28,---,127.60
2019-07-18,General_33,General,-2.69
2019-10-09,General_23,General,-1.18
2018-08-15,General_21,General,-40.00
2020-02-29,General_16,General,-10.50
2020-08-06,---_22,---,91.54
2019-10-09,General_32,General,-1.29
2019-11-12,General_22,General,-3.25
2019-08-18,General_40,General,-22.00
2020-09-22,Extra Income_41,Extra Income,50.00
2022-10-23,---_4,---,41.97
2020-08-09,General_11,General,-11.26
2021-03-25,For others - food_12,For others - food,-25.50
2022-10-07,Haircare/cosmetic_28,Haircare/cosmetic,-43.37
2022-10-12,---_50,---,41.97
2021-07-28,---_31,---,148.54
2021-06-28,---_49,---,149.92
2020-09-03,---_23,---,94.61
2022-07-27,Extra Income_22,Extra Income,80.00
2019-09-15,General_36,General,-13.50
2020-01-25,---_42,---,92.94
2020-07-30,General_4,General,-40.06
2018-11-03,General_25,General,-2.35
2019-10-05,General_34,General,-3.40
2019-03-26,---_34,---,-1.26
2019-07-02,---_38,---,36.16
2019-08-22,General_37,General,-7.48
2019-02-04,---_29,---,-1.39
2020-08-25,---_22,---,91.54
2020-07-12,General_28,General,-45.00
2021-10-28,Coffee_46,Coffee,-21.75
2019-07-20,General_26,General,-2.69
2019-08-06,General_18,General,-1.35
2020-01-24,General_20,General,-0.40
2018-08-30,---_28,---,-1.26
2019-10-11,General_12,General,-1.18
2021-07-22,---_31,---,148.54
2020-07-13,General_4,General,-26.05
2019-01-29,Extra Income_43,Extra Income,46.00
2020-08-09,---_42,---,91.54
2019-05-18,---_11,---,-1.26
2019-02-24,General_26,General,-2.40
2019-10-29,General_9,General,-1.29
2020-08-13,General_23,General,-16.50
2022-02-02,---_40,---,158.35
2019-09-29,General_3,General,-3.25
2019-03-30,General_34,General,-12.16
2018-09-06,---_18,---,-1.30
2020-12-24,---_49,---,90.47
2019-09-29,General_31,General,-7.00
2021-06-18,---_0,---,149.92
2021-10-10,---_49,---,146.98
2022-07-16,Alcohol_17,Alcohol,-80.41
2019-08-10,General_9,General,-7.48
2019-08-29,General_42,General,-2.69
2020-08-30,---_1,---,91.54
2021-08-06,Mental/physical health services_47,Mental/physical health services,-150.00
2019-11-20,General_36,General,-3.25
2019-06-24,---_8,---,-1.30
2019-12-02,General_17,General,-1.18
2019-12-12,General_34,General,-0.40
2021-03-07,---_28,---,90.27
2018-11-09,General_24,General,-3.60
2019-01-11,---_50,---,-1.26
2022-10-13,Restaurant_24,Restaurant,-29.30
2022-06-02,---_21,---,155.12
2019-07-24,General_17,General,-9.50
2020-02-15,General_34,General,-54.00
2021-12-29,---_34,---,147.02
2019-05-04,General_6,General,-32.00
2020-01-28,General_16,General,-0.40
2022-01-03,Groceries_30,Groceries,-55.09
2022-04-23,Groceries_2,Groceries,-20.74
2020-08-15,---_42,---,91.54
2019-10-23,General_30,General,-5.00
2019-12-11,General_17,General,-1.18
2021-12-19,For others - food_5,For others - food,-22.50
2019-04-18,Extra Income_12,Extra Income,67.50
2018-12-15,---_49,---,-1.26
2022-10-28,---_5,---,41.97
2020-01-25,General_7,General,-1.74
2022-04-24,---_31,---,155.12
2019-11-16,General_1,General,-15.50
2019-12-27,General_17,General,-1.35
2021-08-07,For others - gift_34,For others - gift,-8.07
2019-12-23,General_0,General,-0.40
2019-12-03,General_47,General,-10.50
2019-02-17,General_25,General,-30.00
2019-11-17,General_9,General,-1.35
2022-06-04,Coffee_47,Coffee,-13.43
2019-11-10,General_19,General,-12.00
2020-09-06,---_24,---,94.61
2022-06-06,Groceries_2,Groceries,-19.85
2018-07-30,---_29,---,-1.26
2018-12-05,---_43,---,-1.26
2020-04-15,---_39,---,94.98
2018-07-31,General_42,General,-15.67
2021-10-23,Mental/physical health services_36,Mental/physical health services,-150.00
2022-09-30,Alcohol_0,Alcohol,-79.01
2018-07-27,---_2,---,-1.26
2019-09-13,General_48,General,-0.40
2019-07-12,General_13,General,-2.69
2022-10-20,---_12,---,41.97
2019-12-13,General_20,General,-0.40
2022-01-15,---_18,---,138.98
2021-08-08,Coffee_21,Coffee,-11.75
2020-11-13,For others - gift_44,For others - gift,-60.00
2019-09-14,General_31,General,-0.40
2020-03-08,General_2,General,-0.40
2019-07-14,General_44,General,-2.69
2019-11-07,General_22,General,-6.60
2021-05-30,---_3,---,180.27
2022-07-24,---_0,---,127.60
2019-08-23,General_23,General,-2.69
2021-12-22,Treat Yourself_10,Treat Yourself,-15.00
2022-09-01,For others - food_9,For others - food,-70.21
2019-07-30,General_44,General,-10.00
2021-03-02,General_2,General,-40.96
2019-08-09,General_7,General,-1.18
2019-08-22,General_35,General,-2.69
2019-12-11,General_1,General,-0.30
2020-09-04,---_22,---,94.61
2021-07-30,Mental/physical health services_19,Mental/physical health services,-150.00
2019-08-24,General_32,General,-3.26
2021-11-06,Coffee_24,Coffee,-4.44
2020-02-08,General_42,General,-13.00
2019-11-04,General_21,General,-1.19
2019-10-06,General_0,General,-50.00
2019-02-17,General_41,General,-12.16
2018-10-17,---_3,---,-1.26
2021-10-17,---_48,---,146.98
2020-02-18,---_10,---,98.29
2018-12-30,General_16,General,-2.25
2019-08-11,General_22,General,-3.25
2019-04-12,---_48,---,-1.30
2021-02-23,For others - food_31,For others - food,-18.89
2019-06-18,General_5,General,-2.43
2019-11-30,General_24,General,-3.25
2019-10-08,General_10,General,-1.29
2019-06-19,General_19,General,-12.00
2020-01-09,General_38,General,-1.19
2019-08-12,General_1,General,-4.03
2022-07-27,Groceries_45,Groceries,-17.41
2019-01-31,General_43,General,-7.31
2019-03-17,General_36,General,-12.16
2022-03-13,---_20,---,153.66
2022-06-11,Restaurant_31,Restaurant,-28.49
2019-08-15,General_30,General,-4.03
2019-04-14,General_35,General,-12.16
2020-12-30,---_28,---,90.47
2020-01-07,General_13,General,-1.19
2020-01-03,General_13,General,-1.19
2022-02-13,Extra Income_28,Extra Income,100.00
2021-09-15,---_19,---,148.72
2022-09-01,Restaurant_9,Restaurant,-29.67
2019-07-17,General_17,General,-2.69
2018-12-04,---_38,---,-1.26
2019-06-27,---_46,---,-1.30
2020-01-09,---_25,---,92.94
2021-04-14,---_49,---,203.26
2021-03-01,---_45,---,90.27
2020-09-10,General_24,General,-5.75
2020-04-29,---_32,---,94.98
2019-08-09,General_17,General,-3.25
2020-03-07,General_44,General,-0.40
2020-08-24,---_31,---,91.54
2021-09-13,---_32,---,148.72
2020-01-21,General_24,General,-2.80
2021-06-08,---_40,---,149.92
2019-09-26,---_11,---,96.03
2022-02-13,---_8,---,158.35
2020-12-05,Restaurant_17,Restaurant,-2.50
2020-07-22,General_38,General,-20.80
2021-05-01,---_20,---,180.27
2021-12-24,---_27,---,147.02
2021-08-13,---_11,---,148.54
2020-01-26,---_33,---,92.94
2019-09-14,General_22,General,-52.21
2020-04-04,---_10,---,94.98
2020-11-18,Charity_15,Charity,-35.00
2019-06-23,---_42,---,-1.30
2022-11-08,Film photography and development_39,Film photography and development,-186.50
2019-08-20,General_50,General,-3.26
2022-06-04,Restaurant_3,Restaurant,-4.87
2020-02-16,---_37,---,98.29
2022-05-21,Alcohol_9,Alcohol,-30.00
2019-10-26,General_2,General,-1.18
2022-05-15,For others - gift_1,For others - gift,-32.13
2020-01-23,General_46,General,-1.74
2019-11-29,General_40,General,-1.35
2021-07-25,For others - food_16,For others - food,-29.50
2019-10-24,---_21,---,92.94
2021-03-18,---_23,---,90.27
2019-10-09,---_40,---,92.94
2020-11-10,General_5,General,-12.00
2019-10-04,General_31,General,-3.25
2021-02-26,For others - food_29,For others - food,-23.35
2018-08-19,---_12,---,-1.26
2019-08-16,General_22,General,-4.03
2021-05-14,---_5,---,180.27
2022-09-05,Coffee_1,Coffee,-13.95
2020-12-15,---_43,---,90.47
2020-12-25,---_1,---,90.47
2021-10-02,---_48,---,146.98
2020-09-24,General_30,General,-10.50
2019-08-04,General_29,General,-1.18
2021-08-16,---_2,---,148.54
2022-01-03,Coffee_37,Coffee,-24.50
2019-08-26,---_15,---,33.06
2019-01-05,---_9,---,-1.26
2019-10-17,General_21,General,-1.35
2021-08-31,Fuel_6,Fuel,-47.29
2020-11-10,General_31,General,-10.00
2019-06-05,General_30,General,-2.43
2019-10-02,General_7,General,-10.70
2019-07-05,General_11,General,-2.69
2019-03-27,General_25,General,-12.16
2019-01-20,Extra Income_2,Extra Income,45.00
2022-03-25,Coffee_31,Coffee,-7.60
2020-06-17,---_32,---,85.81
2021-07-26,Treat Yourself_26,Treat Yourself,-68.50
2021-09-18,Household_26,Household,-89.86
2019-10-27,General_27,General,-0.30
2021-03-19,---_48,---,90.27
2022-03-10,---_3,---,153.66
2022-11-09,Groceries_40,Groceries,-14.45
2019-12-13,General_35,General,-10.00
2021-06-01,---_26,---,149.92
2020-01-06,General_25,General,-1.74
2021-08-20,---_35,---,148.54
2018-10-18,General_15,General,-3.10
2022-04-18,---_48,---,155.12
2020-01-08,General_30,General,-3.90
2019-05-22,---_24,---,-1.26
2021-10-26,Coffee_38,Coffee,-25.50
2019-06-27,General_45,General,-2.43
2019-10-08,General_37,General,-12.60
2019-12-15,General_40,General,-3.25
2021-02-13,For others - food_35,For others - food,-68.63
2021-08-22,---_40,---,148.54
2019-02-14,General_24,General,-12.16
2019-08-07,General_36,General,-52.00
2022-10-11,For others - food_26,For others - food,-55.55
2022-10-13,Extra Income_19,Extra Income,50.00
2019-08-01,General_24,General,-2.69
2019-05-04,General_44,General,-17.30
2019-09-15,General_29,General,-0.40
2018-07-27,General_38,General,-11.38
2021-10-18,---_32,---,146.98
2022-10-07,Extra Income_38,Extra Income,100.00
2021-03-11,For others - food_0,For others - food,-45.50
2020-02-21,General_11,General,-0.40
2020-09-04,General_44,General,-15.00
2019-09-12,General_34,General,-0.30
2022-10-06,Household_4,Household,-53.72
2021-01-08,Groceries_43,Groceries,-67.88
2019-11-05,General_22,General,-3.25
2022-09-14,---_38,---,68.43
2019-12-06,General_48,General,-0.30
2019-04-06,General_32,General,-12.16
2021-02-27,---_43,---,100.12
2020-02-12,General_46,General,-9.50
2019-03-02,---_38,---,-1.26
2019-12-14,General_34,General,-1.13
2020-02-12,General_26,General,-4.00
2021-01-29,---_34,---,90.27
2019-12-26,---_43,---,92.94
2022-05-21,Alcohol_34,Alcohol,-40.00
2019-05-29,---_13,---,-1.26
2019-07-17,---_32,---,36.16
2022-03-25,---_7,---,153.66
2019-05-03,General_35,General,-20.00
2021-05-23,Treat Yourself_28,Treat Yourself,-7.00
2022-02-18,taxi/ride share_31,taxi/ride share,-11.33
2021-08-27,Charity_37,Charity,-43.02
2020-01-08,General_31,General,-28.50
2019-08-18,General_5,General,-4.03
2019-10-27,General_4,General,-1.35
2018-12-30,---_0,---,-1.26
2020-05-29,General_16,General,-3.50
2020-10-21,General_3,General,-24.74
2021-07-02,---_29,---,148.54
2022-03-17,---_21,---,153.66
2019-11-01,General_27,General,-0.30
2022-02-17,---_47,---,158.35
2019-09-29,General_2,General,-51.00
2018-11-29,---_29,---,-1.30
2020-12-07,---_45,---,90.47
2019-07-19,General_44,General,-2.43
2020-01-29,---_41,---,92.94
2019-08-13,General_11,General,-3.25
2021-10-17,Film photography and development_14,Film photography and development,-42.14
2022-01-05,---_27,---,138.98
2022-08-25,---_31,---,127.68
2022-06-25,---_24,---,155.12
2018-07-25,---_33,---,-1.26
2021-07-18,---_19,---,148.54
2019-10-03,General_20,General,-1.29
2019-05-14,General_36,General,-1.61
2022-09-21,Coffee_35,Coffee,-6.93
2019-07-20,---_0,---,36.16
2022-01-06,---_31,---,138.98
2021-05-30,Books_3,Books,-23.00
2020-12-05,Groceries_42,Groceries,-11.90
2021-04-29,For others - food_22,For others - food,-19.75
2019-08-10,General_10,General,-1.18
2020-12-01,For others - food_26,For others - food,-36.50
2021-02-27,For others - food_24,For others - food,-46.76
2021-10-27,For others - food_39,For others - food,-47.50
2019-07-13,General_3,General,-26.50
2019-08-12,General_15,General,-20.49
2020-02-23,General_9,General,-34.50
2019-08-24,General_20,General,-2.69
2019-05-30,General_20,General,-106.51
2019-09-13,---_31,---,96.03
2021-12-08,---_24,---,147.02
2019-08-02,General_4,General,-4.03
2019-12-18,General_27,General,-6.50
2021-05-17,---_1,---,180.27
2019-05-06,General_38,General,-1.61
2021-12-22,---_20,---,147.02
2019-04-04,General_9,General,-12.16
2018-08-10,General_33,General,-30.31
2022-02-23,For others - food_12,For others - food,-15.70
2019-07-20,General_40,General,-42.00
2019-08-25,General_26,General,-1.18
2022-11-11,Restaurant_32,Restaurant,-19.75
2021-11-12,Coffee_17,Coffee,-7.50
2022-05-13,For others - food_11,For others - food,-10.50
2019-08-14,General_24,General,-3.25
2019-03-21,General_29,General,-12.16
2020-02-05,---_46,---,98.29
2021-12-30,---_6,---,147.02
2020-01-05,General_14,General,-1.19
2019-02-23,---_6,---,-1.39
2020-06-12,General_47,General,-24.41
2018-08-08,General_41,General,-5.00
2019-10-13,General_43,General,-0.30
2019-02-27,---_24,---,-1.39
2021-10-15,---_20,---,146.98
2021-12-26,For others - food_25,For others - food,-84.95
2019-10-10,---_13,---,92.94
2019-02-21,---_39,---,-1.39
2022-03-05,Restaurant_12,Restaurant,-49.54
2019-03-12,General_37,General,-12.16
2022-02-18,taxi/ride share_7,taxi/ride share,-14.77
2019-02-20,General_47,General,-12.16
2020-04-17,General_4,General,-18.70
2018-08-19,General_21,General,-20.20
2018-08-08,---_4,---,-1.26
2022-04-07,---_34,---,155.12
2019-06-07,General_43,General,-20.00
2021-02-05,Treat Yourself_3,Treat Yourself,-41.02
2019-08-03,General_46,General,-54.00
2021-02-26,For others - food_5,For others - food,-110.50
2020-03-13,General_25,General,-10.00
2020-03-20,General_50,General,-0.40
2019-12-20,General_15,General,-0.40
2019-08-05,General_26,General,-3.25
2020-01-17,General_1,General,-0.40
2019-09-27,General_11,General,-3.25
2021-06-06,---_29,---,149.92
2021-06-19,Household_45,Household,-22.20
2022-04-23,Coffee_29,Coffee,-5.88
2019-08-29,---_0,---,33.06
2020-04-29,General_29,General,-21.00
2020-02-29,General_23,General,-29.50
2022-05-15,---_34,---,153.66
2019-10-08,General_33,General,-1.35
2022-07-06,Alcohol_25,Alcohol,-40.98
2021-01-23,---_12,---,90.27
2019-12-31,General_18,General,-1.13
2022-09-16,Coffee_15,Coffee,-4.75
2020-11-03,---_21,---,93.53
2019-12-01,General_16,General,-1.35
2019-10-01,---_13,---,92.94
2021-11-21,Restaurant_37,Restaurant,-14.50
2021-05-06,---_20,---,180.27
2019-09-03,---_16,---,96.03
2019-08-31,General_35,General,-2.69
2021-06-03,Mental/physical health services_19,Mental/physical health services,-134.00
2018-12-07,---_15,---,-1.26
2019-03-29,General_32,General,-12.16
2022-10-02,---_44,---,41.97
2019-09-26,General_14,General,-0.30
2020-08-16,General_49,General,-15.43
2019-09-12,General_25,General,-3.25
2020-03-15,General_37,General,-0.40
2018-12-28,---_10,---,-1.26
2019-12-29,General_5,General,-1.35
2019-01-25,General_38,General,-25.00
2022-07-13,---_33,---,127.60
2022-05-20,For others - food_29,For others - food,-35.55
2021-04-10,---_50,---,203.26
2019-02-05,---_16,---,-1.39
2019-05-23,---_22,---,-1.26
2019-05-05,---_10,---,-1.26
2022-11-11,Restaurant_14,Restaurant,-100.00
2020-02-10,General_19,General,-0.40
2019-11-06,General_18,General,-0.40
2020-02-11,General_34,General,-28.50
2019-05-29,General_5,General,-2.43
2022-03-25,General_10,General,-22.89
2019-08-17,General_39,General,-1.35
2022-04-04,---_9,---,155.12
2022-05-15,Fuel_45,Fuel,-50.00
2021-10-29,---_17,---,146.98
2021-11-13,---_34,---,148.01
2019-04-15,---_2,---,-1.30
2019-11-22,General_8,General,-0.40
2020-01-06,General_50,General,-11.50
2019-07-08,---_30,---,36.16
2020-02-01,General_29,General,-2.17
2021-07-04,Books_26,Books,-26.24
2022-03-23,Restaurant_49,Restaurant,-69.50
2022-07-07,For others - food_22,For others - food,-51.65
2021-08-23,---_36,---,148.54
2020-01-31,General_21,General,-5.65
2019-10-04,General_24,General,-0.30
2019-02-09,General_30,General,-12.16
2021-11-13,Books_38,Books,-19.85
2021-08-20,For others - food_3,For others - food,-65.04
2019-11-10,General_41,General,-42.00
2021-02-23,Groceries_8,Groceries,-22.36
2022-05-22,Fuel_12,Fuel,-40.00
2021-11-01,General_13,General,-139.98
2019-07-28,General_40,General,-23.50
2020-01-20,---_25,---,92.94
2020-01-24,General_46,General,-8.50
2022-09-08,Restaurant_18,Restaurant,-10.44
2022-11-09,---_11,---,43.20
2019-08-21,General_38,General,-3.26
2021-12-11,---_14,---,147.02
2019-11-07,---_41,---,96.03
2019-04-09,---_7,---,-1.30
2018-10-27,---_16,---,-1.26
2020-05-30,---_33,---,75.14
2020-02-08,General_15,General,-16.50
2021-10-06,Restaurant_39,Restaurant,-13.00
2019-12-03,---_29,---,92.94
2019-10-09,General_11,General,-1.35
2019-11-12,General_16,General,-1.98
2018-10-03,---_37,---,-1.26
2019-04-22,---_41,---,-1.30
2020-11-19,Film photography and development_42,Film photography and development,-249.80
2019-12-26,General_31,General,-0.40
2019-08-05,General_41,General,-3.26
2019-11-03,General_33,General,-1.19
2019-08-29,General_5,General,-7.48
2022-11-16,Coffee_39,Coffee,-3.68
2022-04-08,Household_41,Household,-93.39
2021-01-28,---_17,---,90.27
